feature_1,feature_2,feature_3,feature_4,label
-1.175468607001639,-1.8798357224478297,0.04731978739326216,-1.021073697151206,normal
0.8264406078681175,-0.46439932650238974,0.2864873055382313,-0.6306391598086201,normal
1.6131388322760378,0.1896045746040489,0.25299066036316525,0.35283019377378655,normal
-0.2816954637076933,0.27609015411076393,0.15319024036103066,0.006581682483846035,normal
-1.1319159851203522,-0.1545816269577962,-0.3039101812849352,0.3910327379715594,normal
0.3175048211281706,0.30750801109626963,-0.298988158498793,1.3259948988139236,normal
-0.5873598067201052,-1.7064149238507098,0.14759798149674586,1.6611165195000983,normal
-1.9392396923412791,-0.9552222881662762,0.17924466879748835,0.7776796341916984,normal
-0.8899344737248032,0.21173067164634646,0.1637712479057993,-0.04392250707108326,normal
-1.5072368873207806,-0.5988327042870079,1.6658204491116624,0.9008222697999624,normal
-0.6689905051790986,-1.1639280365631335,0.799104703343664,1.4723377087871254,normal
1.016417741129783,0.65944968716006,0.642563556121681,1.0806058083663908,normal
-0.01451723191545134,-0.7744558685215276,-0.8482933603878499,-0.3169291394857023,normal
0.5815135786821718,-0.303089486959769,0.8486319899987865,0.17009318930177583,normal
-0.394837837848561,-0.7557862847464507,-2.8233192320503804,0.15654323877692622,normal
-0.40850665549799203,-0.6688958346377487,-1.1192167581051031,-0.6412242248956672,normal
0.7474893224464528,-0.10681471367209974,-1.2054205494628236,0.14149272831797588,normal
-2.6215030493121243,0.23857509218666212,-0.5576323114762651,-1.8608693257853461,normal
-0.8240655700891276,0.5017274494223134,0.6143132000411253,1.140008514069815,normal
0.2353722803510437,0.1604417082237617,-1.9170305264632195,-2.1726027735522813,normal
-0.41070081075986037,-0.9946687858384583,1.6714351630489646,2.083399241442323,normal
-1.5459180603072769,-1.0404214725774565,-0.06653478476448035,1.1928369384093493,normal
-1.199989075489755,0.4379249951159495,0.6761949633045569,-1.1894990675792851,normal
1.2425515307754658,1.0061719763704857,0.7793191546334697,-1.5159911933047994,normal
0.26061932524181625,-0.31211016093279464,-0.3245872424989208,0.3531930207567358,normal
-0.15654104921830564,-1.305392145862597,-1.3353153572742809,-0.7270093769998588,normal
0.7142583868975241,0.043590288199868425,1.191976306199349,0.11902564470431394,normal
-0.9824018886114252,-0.09414003757469243,-0.7237308443943419,-0.7618615877123649,normal
-1.144467107231285,-1.2577028487827884,-0.5633962191128054,0.9656872667250759,normal
-0.25355148965924684,1.1187903703429107,-0.9611094879655938,-1.1815265092388967,normal
0.5791999758966908,-0.07092240461533061,0.626274113107564,0.940413930163167,normal
-2.8283113876476205,-1.3269668393751488,0.01720262536452283,1.3079816955406527,normal
0.5460083197366561,0.607255253313376,0.9835744714545472,-1.615664810038019,normal
0.5647850194842949,-0.022612977522936954,-1.6358473854389524,-2.425431695200063,normal
0.29041387365350235,-0.49356893667339075,-1.1212533908945759,-1.241102063982357,normal
-1.5616510413101419,-1.3288795161576756,-0.42128088412237996,-1.433043249191777,normal
-2.014851599666158,-1.252467632920457,-1.454853198867553,-0.12081096751935844,normal
1.4804234164878598,-0.0644881593918162,1.7708734993210054,-0.12713922613599227,normal
0.8455129601837296,-0.3280044993923899,-0.7387696863359396,-0.9574620967530314,normal
-0.17982656405420455,-0.26051153720211456,0.6127676659820104,0.6650984417525497,normal
0.29005319414648434,0.6822489517251092,1.015662082289308,-0.809642609591559,normal
-0.0719243930051681,-0.27207689247136363,-1.9784386154310911,-1.504138097785928,normal
-0.11117686227251852,-0.7894705433238509,1.2391650374481398,1.0582571859980714,normal
-0.5083973246776992,-1.7763894328687024,0.5834822446102466,0.6931264180314186,normal
-1.1420472830691122,-0.06745797933909643,-0.6747856001002818,0.06229863036937291,normal
0.06849629880826415,0.5577508735971785,0.01609628844997971,0.19459833627165884,normal
-0.7330207203525708,0.1554108228230547,-1.4621770241032455,-0.952898343799446,normal
-0.2703849297356084,0.9676013441579057,0.7924607820038047,1.0274264431360616,normal
1.500719489387183,1.0139148351924976,0.4303008484185273,0.15228786095830404,normal
-1.3623365241512169,-1.3204144165769227,0.898447432286918,-1.2657594479771543,normal
0.21107428951529905,1.0749584318418852,-0.786611347916683,-1.2111417148122572,normal
0.5267623092351498,1.8760543904696205,1.673927193013443,1.1703073740198378,normal
-0.46759205845122226,-0.12900345795747448,-0.2721010043990815,-1.4319352342685996,normal
2.211535684113071,2.3831794211927972,0.3536133946845674,0.7270604306506313,normal
0.9139007235003492,-1.0809544997265332,-0.5956820254515768,0.5008466626378482,normal
1.7057383099179584,0.6805180834700729,-0.40427245883046437,0.8159754028939361,normal
-0.8446383326589286,-0.647550685229931,-0.15554154052721544,0.6855461963753083,normal
-0.9839224475943514,-0.412314312348807,0.30510014724311596,0.41927552525254125,normal
1.0013432994690836,1.1488693871916078,0.37239210377908405,0.9555098662821928,normal
-1.04939120871703,-0.24715187343001224,0.020443160865893987,-0.7980549319372143,normal
-0.6788590547168789,-0.3860717259311488,-0.21799541467369682,-1.3535973193451818,normal
0.7372960204809645,0.9436710105694132,1.3906573625392316,1.5821760759980357,normal
-0.8697436608629591,-0.7053844843652055,1.2500914304763173,-0.6980624329260549,normal
-0.20960487292930272,-0.27643737064712215,-0.2576597658876563,0.94408554204302,normal
-0.18877528564542864,-0.17911718498464987,0.9665914042596931,-0.78865456064135,normal
0.29219729277757617,0.6585489936367375,-0.4424419988596222,-0.4078116973433004,normal
0.2335029357902731,0.37788845208192673,1.5324606788193877,1.5020075752865762,normal
0.9180693686363849,0.29365743021917856,0.6905310163913435,0.3140916181882736,normal
0.8604590736913836,0.20575833810133146,-0.25760393589862396,0.7005498083527828,normal
0.09227751812242373,-0.8675410024203463,-0.5477077051290601,-0.0168135867930688,normal
0.13007612418436468,0.9467372195848024,1.854660337231058,-0.3721770421768816,normal
1.385014015584073,1.3159273343737428,0.186383189751565,0.7015194884661233,normal
1.5250933227203198,1.419684885814191,-1.1455593651504554,-0.39515677609815986,normal
0.2746500516975087,1.4420159392271925,0.2043805507371697,-0.27486837664718144,normal
-1.4482713718649554,-0.632837222247202,1.4041878636712049,-1.463083810469753,normal
0.14803456063969228,0.7834784667301161,0.5950002155885418,-0.15449990492021218,normal
0.5097648664927882,-0.48419393227397584,-0.19818873274495213,-1.3083309051741512,normal
-0.40734977195097605,-0.8837342454310289,-1.8725690018482246,-2.8854585342853722,normal
0.8028079549078401,-1.2861260444005673,0.19145765925525482,0.36180527510188204,normal
-0.5903734130473928,-0.21034989161888187,-2.6049218084074686,-0.8314952070099887,normal
0.6386010742393606,-0.9860370420930019,0.5294522332236425,-0.04532499344776482,normal
0.6715722089123035,-0.6695318724291667,0.14282459141836332,-0.029145185569844596,normal
0.36193620050507075,-0.07556432642290115,-0.5217776200538781,-1.1327570085142173,normal
-2.5341921141843016,-2.317161050445547,-1.0452339413044478,-1.3647215474846988,normal
-1.4344796138956675,-1.1601587276255596,-1.2702889636394215,-1.7359749462195027,normal
-0.1894472743182472,0.9880904083996517,0.8706222867343527,1.2686187743391355,normal
0.4867998848856988,-1.329336567487694,0.8850133244596065,-0.6128797460312206,normal
-0.6307189504603581,-0.04224166712743758,2.6817665423775767,1.7434457575900983,normal
-0.7661639181295397,-0.8858300957346937,-0.032023883732887184,-0.9996458688851697,normal
-0.9363090945291449,0.6415002877533424,-0.3614384644086091,-0.6446698631045229,normal
1.0132222937697928,1.2393993602364872,1.2639024848612843,0.8826652876740121,normal
-0.16827388073289726,0.011533923277967746,1.3814423793688484,-0.1950001039739337,normal
-1.566472739363026,-1.3770434456533052,-2.1354333291531065,-1.6263320671316759,normal
1.6417135623859727,-0.4630521670532024,-1.1588224595982324,-0.26046612003496816,normal
-0.10808853853556513,0.3751564341725838,-0.5148641832916021,-0.9151693001898179,normal
-1.8301819608237213,-0.29416768476247634,0.32198235752676985,0.4478503057239636,normal
-1.0796007941742685,-0.32783855942028955,0.21387108987503153,0.8842595419336037,normal
-1.9339463445324794,-2.6123995618564613,-0.10123821005873421,0.06830749556744344,normal
-0.27308161604550035,0.16648598286878982,-0.7982022034836447,-0.5784847302300387,normal
-1.372070975751738,-0.15391979485171128,-1.6044146966055013,0.060547916162023985,normal
-0.6161621870625996,0.1099722046803337,-1.3013656863387821,-0.5328032957818095,normal
-0.9678901299956241,-2.167197121005132,-1.213027156565247,-1.1091528341160257,normal
0.016977188577578586,-0.03410729407777253,1.0734658730675406,1.0522857065029345,normal
-0.30256851570779536,-1.1091763286755454,0.1230833910262153,0.47812075439775475,normal
-0.9424751835054329,-0.910333218588912,0.6942759305942443,0.8709969779378243,normal
-0.9945108744611458,-0.9413465655429416,0.9939917384435624,0.6350429169043693,normal
-0.8957598416519351,-1.0298471216253058,-0.0008925393067773808,1.7126872085711617,normal
-0.2180128616751607,-1.3384655261450036,-1.0267615368714058,-1.1615964048700844,normal
0.7317603886740733,1.0365582536222413,1.0235817110620136,0.10215650779693325,normal
-0.7832294260675143,-2.4506488503457335,-0.631932488776142,-0.5744728087542688,normal
0.418620190916519,0.865430484309216,-1.4540646908256667,-0.5723511418399128,normal
-2.1391274086873944,-0.569599290690338,-0.5772665265865198,-0.6925042705899428,normal
0.20915989545952676,0.49263351927056337,-1.5612841228120533,0.2320585585283249,normal
-1.2754270885174501,-0.5520875803998406,-0.379505585655206,1.010179319876519,normal
0.776510699010981,0.6706581961083691,-0.10534146511131999,-0.695057270044711,normal
-0.05043250691471674,0.48778911326531543,0.3959767024845128,-0.51467395223826,normal
0.7417465613797702,0.968240631865812,0.0887530201097744,-0.8951058453054181,normal
0.3093933670779655,0.30941819482083005,-1.3401126692352983,0.5394267470371449,normal
-0.7168290365133738,-1.4868215584913034,-1.1321102736882664,-1.1082279152988899,normal
-0.1882918125460906,-0.9449984096820204,0.5626501755808991,-0.7845811433959925,normal
-0.14743219327274257,-0.044115383586420726,1.631183309454434,-0.26966579130781826,normal
-0.9620249689123681,-0.06407253599087195,0.7300935628698353,2.092601961192956,normal
-1.5124735283302453,0.33234905865229036,-0.5846331382562877,0.3375628514036582,normal
-2.146601476739577,-0.7789801491917224,-1.651090238598459,-3.15437898861058,normal
-2.411700899441855,-0.837401406032521,-2.067089842442391,-0.721505597653302,normal
0.23484483466184555,0.3203976081576678,0.5612286009435088,1.7283188191541061,normal
1.1400999991959357,0.387953945028823,1.7588735565118185,2.4281850879370714,normal
-0.9896487050974053,-0.5931615168316033,-0.4556925084156302,-0.9290188319883737,normal
0.798194017759714,0.3517192383795191,-0.003713614971711875,-0.7273202868250128,normal
1.3933128906613388,1.7318438596333086,0.1921396987521464,1.2614678124949634,normal
-0.9418793441819113,-0.48550136796404364,0.6685173389759795,0.6869537785697127,normal
-0.24897350564016585,0.2346163365565908,-0.6221934282233887,0.09746368604128171,normal
-0.6493638237811149,0.5804336814747431,1.242927315988242,0.7079622255937742,normal
-0.9970239005489869,0.2905980021067345,-1.5615055390803032,0.6978509633116438,normal
1.3551368342107581,1.7236416162063546,2.279704401554238,-0.3117133172341903,normal
-1.0809470773132321,1.1249083629589336,-0.4691804760806251,-0.6069251320644633,normal
-0.7452071573928504,1.1910640843448077,0.6645533877939116,1.202115116566902,normal
0.16044219084012634,0.9686540629545871,0.7470352337292856,-0.5123885649195062,normal
0.2954885844479428,-0.49273940149511103,-1.1096956629000574,-1.6334866362277731,normal
-0.3198758637542675,-0.6073006690302234,1.5207926108087362,-1.1163081904507854,normal
-1.061262707505785,-1.0912696657750975,0.4220264741720446,0.6255204944629532,normal
-0.8238215279599412,0.3848941177501729,-0.09518193820069791,-1.60833829688834,normal
-0.5414688873406723,-0.11996022661314104,-0.03671629780966047,1.0468931076729628,normal
-0.5615871805735638,0.7369831638550809,-0.6553920580762067,-0.04551505361676839,normal
0.8700036440355676,0.8390233605711622,0.6889285335492555,1.7814621643008022,normal
-1.3200393147823986,-0.7271889807412426,-0.7416116125288157,-0.6158021531372995,normal
0.9353917952488798,-0.19016340076256605,0.3099049959815554,-0.1308993971773251,normal
-0.21179147889053995,1.1049951016262642,0.7758869780411339,-0.6559186354094518,normal
-1.063508595083599,-1.4437846676003865,-1.8931749693147286,-1.3132499106328135,normal
-0.39347591645615787,0.14082706459428732,0.434715908652486,0.11655013841622514,normal
1.7104519284037354,1.2645490370579278,-0.6803652525266728,0.917265830558354,normal
-1.2949475633271232,0.37533383343060805,-1.4431844055275327,-0.9546201044419925,normal
-0.0734822457936912,-1.3524836150384256,1.5976382018530786,1.3804029788154641,normal
0.6979826418909301,1.190089418524377,-0.009015618144769645,0.2913168319435317,normal
0.8464404612137274,1.955265096023149,-0.6483748593547661,0.9189503193080387,normal
0.3981741957215272,1.9670262514324452,-0.9897676700094072,-0.3597727059463354,normal
-0.9443286416169097,0.6922161661965739,1.3602300957438491,1.6305264391010008,normal
0.41630519642544295,-0.6201198469987185,-0.5235334260907932,-1.576823639790451,normal
-0.4698174456605764,-0.43528040332479173,-0.9897761059453709,-0.15309466404577896,normal
1.1558918361114094,0.3075052984797999,-0.8199027368311458,-0.5913746233138716,normal
1.0233333644402631,1.94570683445866,-0.8257798963699194,-0.5385380446567459,normal
0.3891821541078657,1.6102038739349755,0.5302369195696726,0.09054849064855543,normal
-1.3751966899144314,0.052660712798952576,-1.241933679919844,-0.478351074295744,normal
0.08293003349944673,-1.1337176432687932,0.5280410031571905,2.8216811810292612,normal
1.4359318772448155,0.049899025706161365,-2.46353482509396,-0.7029116997375535,normal
0.6321206178259244,0.8491037096616808,-1.2364520440946511,-0.6678672584841978,normal
1.471250689199598,1.355806833435129,-0.9163911067211922,-1.6108747051034829,normal
0.13680189156209824,-0.8536581037139657,0.7653854747857438,-0.21450540431524703,normal
1.4433331037058872,1.1515918978265458,1.9679361842336454,0.8682657191207633,normal
-1.2333151620301304,-0.306920629222822,0.9459579464204724,0.11151215153241727,normal
0.8520675384228336,-0.5965932098964788,-0.7531316818419401,0.6372990052055575,normal
0.4797696658633243,0.08024882662169064,0.21232374279521513,-0.5275287888423283,normal
0.17204725733831733,0.12756541469662244,-1.2159978484439695,-1.3087635979398515,normal
-0.7314848488381923,0.9842203334839263,0.14048097697930978,0.04639915674565514,normal
0.3127138659992696,-0.8377899604244599,-1.170310067677474,-0.7929444431464641,normal
1.3832927764009793,-1.156422585721465,0.384101292765797,-1.78936198283349,normal
-0.7128236214613026,-2.65146760552844,-1.206367549745716,-2.0701503170919975,normal
2.0796039114012803,-0.9541455497505998,-0.5973545866209518,0.31983110147557114,normal
-0.3368706544074396,-0.411174473808008,0.6189333811496365,-0.8816819530942756,normal
0.6685120043394148,-0.07266272636643319,0.4042795926512068,-0.8878121465355369,normal
-1.2430722783134167,-0.5772110403041201,-0.4785567716358412,-0.24865480899268205,normal
0.5857846395955826,-1.4541803378200264,-1.1664229806279145,-0.07273167922371696,normal
0.5190235229389994,0.6200397695046217,-0.0617069023522877,-0.7490342501399757,normal
-0.07027344421955835,0.5606527257180035,-0.7633954865172135,0.27505639258795656,normal
-0.03218198550730862,-1.6854006422110537,-0.028450493968836955,-0.4128014943303447,normal
-0.24193649373022572,-0.33666666391751837,0.6636601905648035,-0.6450588421645738,normal
-0.4577346177672628,-0.848481887183879,-1.704071919445949,0.9077170420165663,normal
0.16747740082203547,-0.3613092836495809,-0.06246136546954589,-0.2733825975462335,normal
-0.15714465978355047,-0.15972819728772247,-0.4030552756726038,1.917963669294484,normal
1.218318654992262,1.2096296499906285,-1.2158021146683404,0.8273549451559907,normal
-1.7301124853842296,-1.4783723197373269,-1.4314852714577158,-1.127354190135982,normal
-0.7630112175847427,-0.16869957681939157,-0.8009928007748333,0.45043026846797146,normal
1.8007040128134955,1.7957175025607957,0.7375356084076035,0.7693967224579551,normal
1.2882838260223575,0.7695777705522977,-0.0906966461873522,-0.723613398643889,normal
0.4973037071307558,-0.5534300607492214,1.7828787832869801,-0.8559187133412083,normal
-0.8625496738408335,-0.34821167116825763,-0.18529858022231804,-1.7915640324171411,normal
0.20606593414171,0.7640513071619679,-0.386678457251578,-0.8011547292045272,normal
-0.5694464276939775,-1.3785430601328776,-1.2123499263376911,-0.6462385561788812,normal
-0.3210748152447245,-1.1643228240189438,-0.03863870206063673,0.5166637767992793,normal
-0.12154419735929771,-1.200994807998731,-0.6507465526206917,0.8801865632900492,normal
0.15927665452674125,0.16455453291023991,0.7628038695542046,0.517994290139507,normal
0.8017576475253015,-1.1248667045598022,0.13852251458571596,-0.7979305391104745,normal
0.6044355389706851,1.5716382632438166,0.5699986933391333,0.15133197203147244,normal
0.7269829907801623,1.1027985350465361,1.095506097504326,1.340536018704108,normal
-0.3750184531554471,0.8617171086180456,-0.4193947497956188,-0.31912858662994054,normal
-2.146915720975957,-1.3114385217550706,-0.7312266975635139,-0.3190891067300782,normal
0.07256479263916006,-1.4296085921652415,0.06037126111947308,-0.14174777309594672,normal
-0.3596192739096957,-1.1312802909691138,1.0401173358328253,0.73524938883555,normal
0.35320426165960517,-0.3332332066638835,-0.1521988159772366,-0.31111687276131356,normal
0.8490064314916823,0.6344483298906096,-0.6123467097748533,-0.42105805312590644,normal
1.2975134683182872,0.4164804828490066,0.053634320807423065,-0.33867963629984166,normal
-0.2716690488812577,-0.17008254758599897,0.8921622252043558,-0.5493018632382425,normal
0.4737812077335871,1.8030309343255826,1.6424993380303,-0.4666137329430856,normal
0.6030253366848326,0.736988267035016,0.8665568962142169,0.8267912416396717,normal
-0.7903307018970489,0.10143265437654715,-0.7182121504233708,0.42190587006719943,normal
0.14313793628464153,0.9163495260266241,0.4349196236824396,1.7078269013608434,normal
1.0899915442517663,-0.36560774650166555,-0.7901943227366741,-0.18059273750108948,normal
0.9451307795691077,-0.6033720913360875,0.6586943061487097,0.3370646384890377,normal
-1.2996629384919047,-0.07687224827249899,-0.41406345436335773,0.5732480731097854,normal
1.9970391757513883,1.36470217551125,1.6276430080255662,0.9305903939234079,normal
0.2946977700843906,1.282888537351347,0.7899978694207946,-1.5543812510989758,normal
-1.469963974588398,-1.679528348928433,-1.894617878767211,0.1482557436592181,normal
-1.122494754919025,-1.7062101506064116,-0.19760641152530511,1.2206287763380421,normal
-0.10994162415128116,-0.06696717942146874,-0.8015228716977311,0.030892429171266653,normal
0.735388213370125,0.6863224326124541,0.2783889380085709,1.5787554333590483,normal
1.0390546307574013,0.759726281524188,0.259194710596546,0.04412856440771563,normal
-0.6671263648374391,-1.500720351394733,-1.5487566567245639,-1.0598839700574783,normal
1.6044685059482366,-0.11630339923737895,1.1957846554167517,0.6491755111644046,normal
0.7254747250695333,0.9145087338764353,0.5462211279471968,1.6712713247977133,normal
0.01662818496028123,-0.5077293804823367,0.2914885726957144,-0.2804129258815711,normal
-0.6047017713701619,-0.315167978925273,0.6243487076590057,0.5222176528318293,normal
0.5954013087473713,1.0081365558806838,0.8519235512028899,0.8007957928409019,normal
-0.9468436296840046,-0.27481367030584075,0.47897938510833893,-0.12853324345879044,normal
0.5847344019590933,-0.6110317604506147,0.7688489204158281,1.537129349093934,normal
0.8785459755254273,-0.32568978052612035,0.24166214967064664,-1.5492804807629164,normal
-0.07134219436720035,-0.6569422752725529,-1.907584899339246,0.7103810116994544,normal
0.8229369266513165,1.120397806662457,-0.7652483086108975,-0.10230813067189964,normal
-1.3924814299709511,0.34567674838767265,0.2545246621625054,1.2028784372370254,normal
0.7454275240219342,0.21353985874681508,0.24651346442133562,-0.8895974437860356,normal
-0.015268296288760424,0.575908469748655,2.2006209122797435,0.7430329337592125,normal
2.215356720766502,1.2854240058298096,-0.09781926704995356,1.4036687532162333,normal
1.5105077509898652,0.6119473639369661,-0.6523155892204388,-2.051214112883574,normal
0.46354706300564186,0.1466790158292209,0.4052632327933584,-1.3108416235416258,normal
-0.866829990844898,0.3591883224729654,0.7973312494042504,0.281013462648126,normal
1.1439287219274736,1.4606575158693689,0.8176230148641999,1.9813478529328,normal
0.03947794139501069,0.3255764739097633,2.085853005016558,1.002585422160477,normal
0.3729154106374574,-0.04187838729140826,0.4400871626014139,-0.713368100329916,normal
-0.04102202736114155,0.08183270201400937,1.0640857539025785,-0.06145393362552161,normal
0.1865636615753622,0.3432885659391893,1.060151012698825,-1.006758652440738,normal
0.5984313214614825,1.5043125773171466,-0.017635622052028906,-1.8052713430508092,normal
-0.24780093897919878,0.721890877968892,-0.5158721866103719,1.5580386890389704,normal
-1.050215678748233,-0.9574167188079434,1.4440230305809132,0.5164112410841489,normal
-0.9987020948620488,-0.16654382219502023,1.0423943221657426,0.8238613189375107,normal
0.06323486110639444,-0.837048613495227,1.8110409090357802,-0.9781123155909042,normal
1.4979470390100822,0.2972661027843519,-0.28417285374631707,0.5196497367685554,normal
-0.555026440273755,-0.5639705440897373,-0.7917396748603353,-1.293647466138454,normal
-0.056504822030500744,0.8753565526635189,0.4687506160529849,0.5678026471950782,normal
-0.12947980814791624,-1.5720959977687115,0.7092545661798083,0.017986088717214174,normal
-1.2242987146909876,0.8390854068089137,0.06135786389602428,1.2694677089835469,normal
0.6869962581243587,0.5588769957136833,1.7091796474541745,1.137907215175881,normal
0.8517214180120234,0.15547282797766943,-0.31966121972956096,-1.3154302497776484,normal
0.31357398510900186,0.2909660646565304,0.21816417396893173,-0.582723117245847,normal
0.24992681996441216,-0.4490755306489849,-0.4052328497859268,-0.36908705877116244,normal
0.2686706121554203,-0.8105397994597452,-1.7445190772726522,0.4648280906430986,normal
-1.389607152387548,1.9011405597415278,0.8112534855058224,-0.32969367846906317,normal
1.9066660567709255,1.9077694133178444,1.6277516166208505,1.20121277286283,normal
-0.2554641227306543,-0.33216609732151403,-0.6490442872895378,-0.2294154775288525,normal
0.13418248767532145,-0.5607436317672176,-0.42787414782186894,-0.6887873533598641,normal
-1.54647553744426,-2.318659401357844,-1.634531419809748,-2.2256481139240996,normal
0.5107014635453515,-0.37730002522755557,-1.2271985549164375,0.7659857556033808,normal
0.25007650660609027,0.39897084890516826,0.16300508524238178,1.346847100547809,normal
-0.26767744978740493,-1.5127178213067916,-1.6005056315728803,-0.25576308845626344,normal
-1.2038408307250288,0.4413032830719891,0.9293101337765823,0.9157717026840873,normal
0.7669437129040733,0.16186038490238777,0.18064221587800952,0.5263951238416071,normal
0.32561865095591186,-1.2022095757391962,-0.15175951810043795,0.7877492291908578,normal
-0.19832382617833147,1.0976280708237796,-0.2465074628503926,-1.1371660217022581,normal
0.7320050737157345,1.2453797519569014,-0.5922031383233646,0.37243483448094417,normal
-0.7305146236599738,-1.4433094719463673,-0.36348793840576427,-2.0833612648278677,normal
-0.5572676301493005,-0.10522279784476689,0.4883821289091636,0.6351913893981843,normal
-0.39235731201234525,-0.0034189763534528813,-0.11980587727455104,0.5213808891425505,normal
-0.06884252090467385,-0.5514598905274457,-0.40534434831903476,1.8089531045115639,normal
0.5702825188782313,0.6856774307113835,1.0974486264726633,1.554174226472539,normal
1.2755817231886328,2.009123228439649,-1.318879552704185,-0.43082212288585225,normal
-0.11961176393150377,-0.37856685835886894,0.7735604838698462,0.23747625457704646,normal
1.9106438831097332,1.2494956213076016,-1.4415791678435625,0.43689680118153773,normal
-0.5062009766612686,1.773163235619971,-1.2142151059489361,-0.9188764026015426,normal
-1.8088206521921044,-1.3029757921441973,-0.33576451247053835,1.7977179296250634,normal
1.680621546772089,0.4851169391901573,0.40581439532338964,0.5889482291491436,normal
0.8734914176993748,1.675212645081266,-0.9426541756507889,0.989427554450086,normal
-1.0164266527101145,-0.6129173942609529,-1.4452289580303248,0.2744688798218216,normal
-0.33323364374994974,-0.7245280449077712,2.1595835268552057,0.32585890598411094,normal
0.48023173034586,2.007305830844753,0.7228553965180439,0.6436017486886295,normal
-0.08132578946193397,0.24314268497263644,0.5970170293443933,0.28014001931625754,normal
0.17270664236529848,-0.29463348056386135,-0.14739144010829297,-0.37315098677405045,normal
-1.4898031877898188,-0.08890251581174957,-0.09124196284194468,-0.7133990198046787,normal
2.223877894587776,1.091252790164115,-0.9198646488858587,-0.7588191239953582,normal
-0.49654314502835656,0.17163745273752096,-0.6011154819819933,-0.6647336566727181,normal
1.4012340096421683,0.14806661882061603,-1.0303158463304771,-1.4065950410089778,normal
0.49268329646073816,0.690751282155344,0.4327343781187666,-0.23528172566451216,normal
0.980275569803396,1.0163762387614224,1.197631209408214,-1.194152893335027,normal
-1.1855104382940909,-0.8996520230430195,-0.4219817072452588,-2.7392015928740863,normal
0.24653689461914596,0.4392113882402748,-0.7450772173557446,-0.41642786475844584,normal
-0.5204967364975123,-0.6076858465213586,-1.3165740505784227,-1.287514464617899,normal
-0.33616951574056303,-0.16013286574601265,-0.44851764082342,-1.2938315692482096,normal
-0.2531659807249353,0.7939251243281376,1.047726525907427,0.6369797653080145,normal
-0.3019147858821402,-1.3944805498280568,-0.17050504216141701,0.14962309149566108,normal
0.792276296963651,1.1016540438142213,1.688425009426711,0.06554775426243942,normal
-0.9288383649422202,-2.0396884043632824,-1.1437397388857995,-0.9751712718492546,normal
0.2632220209860376,-0.7321033084240514,-0.006799344262851024,1.7884882105759161,normal
-0.6102054168106635,-0.11446492399396546,-0.057208634639134615,0.6570801244516724,normal
0.5702072297626163,1.6713579118436666,1.4333685320586464,0.3797949569989486,normal
-0.2728944720875259,-0.43631668416839203,-0.6807354047184376,0.05173394157448968,normal
-1.2071712711275155,-0.8719922088023434,-1.3775487359166931,-1.1012720182138573,normal
0.31181394124409867,-0.15790696864827036,-0.2350003692259757,-0.032142326796998126,normal
-1.6128909785018588,-1.765382521780161,0.4756331686275062,0.4498113871853983,normal
0.6885510581074284,1.14838917490044,1.7173866082378573,1.740850328009801,normal
-0.04615491039209065,-0.012130094340051023,-1.7754216203362794,-0.1820767116277224,normal
0.46553908855849296,-1.4916745887612683,-0.14105820629795987,-0.73620657087093,normal
0.4541378563053364,2.4335665883301645,-0.2704890715016181,-0.25055090844810834,normal
1.421006582057174,2.0398529634439435,-0.22063974164815253,0.01190693067868808,normal
0.48208477928863175,-0.06734687377255114,0.5468775032407236,-0.17789387252860708,normal
0.5031925451413894,-2.0864650535447344,-0.09827582821512777,-0.2756012872688868,normal
0.4636230736397169,1.1687759696091888,-0.005817321667122091,-0.9991850778557135,normal
1.1882594268465563,0.24179470192187405,-0.5463209778130014,-1.2219236937386124,normal
0.06435670834124155,-0.5386035937165692,-0.6033828923404732,-1.3861579740611865,normal
1.2283855741383574,-0.46895107879791903,-0.3996249469958723,-1.234875154040621,normal
1.0906907058289372,-0.8339773595082429,0.49621449798435807,1.2620493379229667,normal
-0.7951986961334837,-2.7554968801379456,-1.206396340528217,-0.0499713433409981,normal
-0.46135858158303195,-0.8407285630462408,-0.7325175079434948,-0.2546844739637165,normal
0.1382762798423548,-1.226944661051251,-1.205524462517584,1.0209718925406928,normal
0.28948431667522256,1.8581409662791126,1.2041776584395225,0.0736730461129307,normal
0.1800429303498404,3.0201204286248733,0.24909699156068188,0.7403152096005332,normal
-0.2280478251453675,-0.25130990174350487,-1.2838628827603333,-2.3098289367281386,normal
-0.26598132915756323,0.4301340451966414,0.032351535593397616,0.9943618227658045,normal
-0.49640988233287214,-2.0721939515272654,-1.1999171021207014,-0.2509841280896924,normal
-0.23727797566768577,0.9413578752977336,-0.10841574852434006,-1.628699029488984,normal
0.14195487316009414,-0.9039118706702632,0.4987067678997061,-0.8986995921401193,normal
1.4013299046229581,1.0064315201542635,-1.0466201366444372,-0.2970429605739369,normal
-1.2030735795253986,0.2916630268348277,0.0376334625395733,-1.0594259496904777,normal
0.6389221059785138,0.1094766529603907,-1.4510215534795035,-0.693221819574784,normal
-0.37445860588660196,-1.073002922685062,-3.237967028176605,-1.9924607210355578,normal
-0.836668078751809,0.9553637208541509,0.2771958601356633,-1.0618183132151897,normal
0.5519670072534388,0.36100449467713924,-0.14764504074480653,-1.0651998728010843,normal
1.4799122339039998,1.868145326551243,1.0394347891159867,0.010888195334176707,normal
2.2823094304345926,0.8999547140279316,0.014300429383534133,-0.7158203142433842,normal
1.399391031861816,0.991813651751598,1.0491530880094038,-0.016745235512682123,normal
0.3740298254677943,-0.4697186926521226,-0.4696472768347745,-0.7369761077434034,normal
0.148810781476413,-0.872239308199479,-0.635785396178008,-1.3445579613704595,normal
0.3634095055995804,1.5540358762526105,1.3208201866356652,0.21124373500605106,normal
-0.5554940035945807,-0.5986306404848106,-0.6617601782764339,0.3555422615171194,normal
0.8679801453960951,0.2370397623868743,-0.7140475697897899,-0.44659526475440464,normal
-1.0832407563064677,-0.20229582477300628,-2.7356165429326524,-1.7978627681588826,normal
0.5802325652787405,0.669081563015758,0.7935141948493666,1.0917776558332692,normal
-0.23950712737853438,-0.6652343651170022,-0.09204639913358512,-0.7201618732500782,normal
-0.2792203101382942,0.04187183642704036,-1.123201120694167,0.4122062538623942,normal
-0.24084716642428122,-0.5347118161304171,0.041409163931991746,0.6314766403389152,normal
2.189792402138051,-0.628723823568229,0.8312658466152142,-1.9252934282405139,normal
-0.1891916029421136,0.47257728518373593,-0.9623472670910653,-0.8227706967769864,normal
-2.8075285540244512,-0.7845542562257612,-0.6497122970717231,-0.2269841892427375,normal
0.3350960210348254,1.4657858110392221,0.559438652716828,0.9733640144374458,normal
0.07418178589382171,-1.7413260143108953,-0.722552165463333,-0.7398075104374289,normal
-1.5909138490910175,-0.7200579950969722,-1.0012073766482992,-0.5658567572202101,normal
0.27842572338195076,0.3109551254938905,-0.2528640786939609,-1.0689562913737536,normal
-1.3287045664303598,-0.09832092738744022,0.092582700038855,0.5695995391095481,normal
0.2243048520586183,0.5307271673573148,0.42419475260071265,1.4147451939312483,normal
-0.6975654114441547,-0.45687170339939975,-2.501980874461848,-0.09244019034468651,normal
0.9986024814446952,0.09368892981720832,0.07758632381809347,0.04034594233371359,normal
0.1706923840176052,-0.5801080182548425,0.49703098875230317,0.20504038554904983,normal
0.7886500631388921,1.3995297981699228,1.0345610192066361,-0.39921528999996553,normal
-0.31780374438927433,0.7024464682882232,0.30631055493049253,1.1566385457509334,normal
0.4220252499136545,1.5830923164051072,0.43361800676501056,-0.4591511404780556,normal
-0.5300637567933644,-0.24345705952044547,-1.8605413315973325,-0.24814312579466544,normal
-0.3676578745483585,-0.3571776020143361,0.8673258466239868,-0.5077924160615286,normal
1.3054627163725236,0.5473005378309916,-0.3005357730593996,-0.18516331452466323,normal
0.08853565800968576,0.9025110334810458,0.6681510781399628,1.5220000919783059,normal
-0.11014871425403637,-0.25761180208748696,1.7475930017968788,1.6520857502024595,normal
0.03918584046592588,1.2732724377453772,-0.6457905823122289,-0.9087714436585324,normal
0.6278321395463233,0.5083483571053522,-0.7121938876044783,-0.3336532880883855,normal
0.8005269256158006,-0.2683486986659986,0.9963496116250672,1.2284949556872022,normal
0.2977461664369973,-0.9226245448697983,0.27379913191856875,0.03685189453735397,normal
-0.5429266684420546,1.0309116447743487,-0.5605290626975619,-2.3187908300839637,normal
-0.17216308077948778,-0.30629805048174413,0.42198180210573283,-0.03492178507509585,normal
2.3380539123794364,0.8979988678269556,0.8495848712956202,0.6612638671050741,normal
0.21033311955652856,0.3222082248001384,0.44947120232293597,0.4228222430314312,normal
-1.2357430148409378,-1.986277512370553,-0.39245773234170817,0.14431589528615885,normal
-1.6108116968280293,-0.6230891874040652,-0.9155824474444914,-0.23768010615654264,normal
-0.10088945055445336,-0.15213314369407105,-2.5354338755091788,-0.9017235413222405,normal
-0.8084971899329202,0.43393668930729745,-0.24409117475490505,-0.209526750341651,normal
-1.2551393176851908,0.7050224791961146,-1.2013695502445068,-1.3720249032275702,normal
-0.6458369246953948,-0.26379103994942554,0.8286461925286082,1.3972846750774763,normal
-0.5444764596952143,-1.9736712719174152,-0.2682909570044294,-0.6147497066869833,normal
-1.6384295417973578,0.3049161405180196,-1.1321129014095697,-0.6154516147730927,normal
-2.5562862039089946,0.2005258536270597,-0.5980175615482127,-0.010465070910884984,normal
-1.222009123453407,-0.41680410042129884,-2.941295027125586,-0.8605870311463155,normal
1.0341839114162146,1.2664084810120337,-0.591079122601233,-0.13519109708052926,normal
0.7634430011322576,-0.34838271140588145,1.0745120160518569,0.34363379514183395,normal
-2.353659892161584,-1.8485942125842398,-1.865715290376505,-0.19636281256916693,normal
-0.5163105764153888,-1.551452825234295,-1.276689518113393,0.036214482812897186,normal
0.6819770692207822,1.1296878233693826,0.5012971597871514,0.4170773764337425,normal
0.6053117727472854,-0.3345009068875961,-0.7780229541877264,-0.5022640217648885,normal
0.16260804581347718,-0.5170559989003859,0.12339958303447737,-0.15368552162932742,normal
-1.573240235333832,-0.3403695052818981,-0.282104384906102,0.5579818658118293,normal
2.2394139611223514,0.49926921889376724,-0.32747295284484484,0.7571101930219315,normal
0.4019817809875065,1.8316432077905944,1.2800948668762662,0.37016950086311473,normal
0.147680145283572,-1.008713728012109,-1.6121419387457814,-0.8012487821808743,normal
-0.20615985539320314,0.63701594839385,-1.868183901678122,-0.899169984147938,normal
1.6216726817274758,1.5206126507160072,1.121057470601638,0.9229741566379617,normal
-0.5822063706061366,-0.331602710700231,0.5981836970209446,0.3011261152416732,normal
0.6348166120862916,-0.5439770412181908,-1.1973420095725122,-1.5898556171331375,normal
1.1556179856697812,1.916614273401417,0.8546237518129806,-1.254823751276991,normal
0.5654836402428487,-0.10380416237624905,0.39631546834523473,-1.1879990780610987,normal
-1.3433604658610137,0.36010678738479746,0.24941554021472992,0.6927358472523361,normal
-0.058905499845180995,-1.0179275323077883,-2.2707379762889275,0.6720151011632839,normal
-0.30661197040725247,-0.036330597255431515,0.01983329587396781,0.05248866240641384,normal
0.6944976452230699,0.04973429983261146,0.35271736602865433,0.417732249276608,normal
-2.09084547321917,-0.596637560890284,-2.5092255150787035,0.2983032155184066,normal
0.8944312521116095,1.3083715450852644,-0.24327416252789727,0.2337980592260497,normal
0.9246625606190615,0.08486168041014015,-0.4650688148590676,-0.47795445546339294,normal
0.09370228455694808,-0.5823123031866931,-1.0476783241975751,1.0918995041722754,normal
-2.884380355182899,-3.0256461941336594,-1.034970089880844,-0.6069971938681357,normal
-2.195726700240675,-1.480060360012814,-0.7929731973617087,-0.43129846155482277,normal
-0.1707807440969379,-0.3112706932948428,0.47529019313123555,0.6187826151781406,normal
0.4427563946450359,0.8616409561461233,-0.012338200930133393,-0.6401509818743004,normal
0.31332831434792885,-0.08594264390868961,0.1153352284492852,-1.4505893066688016,normal
-1.8839516491573678,-0.09568553101938225,-1.4422392745629558,1.4151102843652912,normal
1.0840256389369907,-0.2598779730601908,-0.4566987315357623,0.7002147043399486,normal
1.0560347243010506,0.6360685300373733,-0.04822878060027857,0.27518413218185445,normal
1.2929106091884266,0.7312727411500229,0.5421243749262752,-0.7325670871574335,normal
-0.5414887118414429,-0.6314959890831687,-0.5536412080165266,-0.06718024858690778,normal
-2.141255453489943,0.4388375560179887,0.0010617799346392131,-0.15624594033789785,normal
-0.31356444242830084,0.12256263161712493,-0.23364808852206093,-0.10598771229058611,normal
2.242506293358977,1.5118099881958647,0.986943129360082,-0.6239487097183026,normal
-0.3984391840387714,-0.21410803089947178,0.3853578937246641,0.18521770809270302,normal
-1.2123943732117515,0.04424079464051775,-0.08571105457341599,0.7214634163613824,normal
-2.232337663583291,0.6598903038597123,1.2209615095279684,1.9783315674480404,normal
-1.210962836944958,-0.5202489025518109,-0.4237730336657589,-0.11991923542385881,normal
-0.07658639708857658,1.8331057435743745,1.6723533415538976,1.2991667760151162,normal
2.8217141094686857,-0.7890609428901507,-0.49918343063247606,-0.23063285155437913,normal
-0.5940210236922162,-0.03408150172942683,-0.3988279354518194,-1.1756077146317483,normal
-0.041283901151604636,-0.4745567227365293,-0.10287131315954116,0.18448378775601867,normal
-0.5528408123063202,-0.4173919296122048,0.39697931737533476,2.008899658148261,normal
0.4655194762372163,0.90787003306871,2.2538104353093895,2.755937811640891,normal
-0.6495475446112015,-1.4559718424366106,2.265848911877338,0.981215614017753,normal
-0.4988112759938849,0.32165974327243074,1.8151995263445313,0.6098721728975489,normal
0.5628986291455057,-0.49150134763265824,0.7805680799025979,0.5822705746071519,normal
-0.8475539054763134,-0.2680981934513917,0.2255307028690418,-0.15081525880276453,normal
-0.07419767317213996,-1.0587073929459192,1.30067843781143,1.8406506224780825,normal
0.45919450872993883,-0.8042777373059709,-0.15730091432328108,0.4675288737296721,normal
-1.3284506001275245,-1.1501611761903037,0.7033043054109092,-1.5833085513326246,normal
-0.753159950832156,0.2960046247865776,-0.16700455155757377,-0.44518754579092135,normal
-2.069090599603163,-1.2903973377377977,0.4450022691248489,0.04009854430998098,normal
0.3444547497965419,1.0228536092948428,0.13604624083135353,-2.0361661972594027,normal
-1.0163251075959236,0.640518783301604,1.201182490003462,0.6425514165724883,normal
2.843143858373342,1.0448022418034968,0.9522419323993354,0.6815138672406601,normal
0.7232740564159079,-0.549344564000898,-0.8255369861899482,-0.6337316782357735,normal
-0.9655999859731365,-2.389974195156516,-0.10169791168676562,-1.0856602291024977,normal
-0.83983555076392,0.5653840542188706,-0.09939730701340746,-0.9894916690907777,normal
1.6245742691633056,0.16053395455949304,-0.3111797181299358,0.8821251311812047,normal
-0.4115018771183645,1.4969024878145203,1.0017920971636622,-0.8472073119779764,normal
-0.04010415527466188,0.7486356081869225,0.5764535478102032,-0.4960708573051785,normal
0.265055526251173,0.05542679610393835,0.040858301243251155,0.11338795918658671,normal
0.7271314874825322,-0.35394256820332587,0.16264236116962236,0.5248643379064513,normal
-0.6606978629937054,-0.3446908711432781,0.20420432990040244,-1.7898401182307584,normal
-0.3335372974022313,0.3668536351091059,0.5394230197369326,0.5959261499122216,normal
-0.5988095917751236,-0.3317691856822515,0.3924851818226347,1.4539533517860264,normal
-1.4736493751235367,-1.0257313874359244,0.2657840834603057,0.3796961020476938,normal
-0.014001300149542362,0.22423574102002508,0.14030399843136804,1.002102827214599,normal
0.12778821918144045,-0.4683123769362495,-1.9235546827884635,-0.845344165829822,normal
0.75605505479302,2.5144253952369118,1.6686493706544492,0.8352563876524267,normal
1.313741579499149,0.1207305440617806,1.9427999815157242,1.7240287129647833,normal
0.31539425250666864,0.21804674699977308,-1.1284611792136718,0.14140344458349827,normal
1.8705132022992363,1.1132622165601902,0.4146029405509684,-0.25626794993814517,normal
1.2635582164531924,0.6508545979146905,1.5267303449143024,-0.18448613356624216,normal
0.5769811561343524,-0.9874388417031119,1.686810617574368,0.030367137885513824,normal
-0.9173708793583726,-1.3029795870779803,-0.7361975144010595,-0.45305896036362375,normal
-1.19490247238154,0.06860192764853126,0.6515793959654345,-0.24944046737168848,normal
1.057347059510157,1.0470871726102835,0.1839137190504941,0.31968761207909685,normal
-1.7214965827406146,-1.223866381724917,-0.28047258210026693,-0.9369445836288149,normal
0.8443396661194141,-0.31854528587948294,0.21976154959226335,-0.2006628392628642,normal
-0.7720342434699655,0.7745753758595789,0.5987822185883382,1.104686560017378,normal
-1.2835682452546635,-0.8573470552832141,0.04724102516208704,0.7084713072762526,normal
-0.7121221207296067,-0.8016668384902677,-0.926442210627973,0.6110163382718506,normal
-0.9599544096086925,0.58879182512475,-1.1570441005564696,-0.10576701993953555,normal
-0.2595390521810012,0.7437900031442171,-0.4911049364984786,0.22150972819496928,normal
-0.5845351952530161,0.28576433220936687,-1.2848714938899062,0.002875701594962913,normal
0.09653744513749933,-0.23758079164613938,-0.9406030708261236,-1.103343912892762,normal
2.0206884100415956,0.40915364753720057,-1.0686416060433446,-1.0314868331015004,normal
0.4349832188601116,-0.6598881719977429,1.327626625849349,-0.02186902998066576,normal
0.0225975461084763,0.8249366486987408,0.9585799679492748,-0.46463377958942903,normal
-1.26609651044493,-0.6640100742353043,-1.4666809350940313,-1.0910458649381647,normal
-0.25153303593545434,0.4768283100933308,2.2282867640717634,1.3856381068712684,normal
-1.5808958912256132,-0.7633329661632426,0.36983151082027477,-0.6869846861955402,normal
0.4944707277912656,-0.3521605971288599,0.20505770257541028,-0.25446131445777803,normal
1.1680302601584356,-0.3216223359578394,0.015319540108454939,0.2849794154319719,normal
-0.0835329795210278,0.3253967465363284,-0.013749760637371855,-1.2655029974552834,normal
0.9729104703943674,-1.3508977350724334,-0.7613659787349432,-1.0595340992488016,normal
-0.6613448774664799,-1.7564926711493798,-0.953297754644612,0.5145427699367943,normal
-0.9993327388635875,-2.056307719932398,-2.442473432939364,-1.1681787599844111,normal
0.7046376393682956,-0.28346930561395217,0.0058435535645035746,-0.4494871326960078,normal
-0.700096632751127,-0.48348651418105815,0.6342296710013872,-0.3219870602863972,normal
3.1806947164331323,3.09205504353746,0.9040336373396007,-0.8381334778167666,anomaly
-3.943482549226718,3.114372938464859,-2.582546388596464,4.131908575794675,anomaly
2.7583798566806017,-4.190641621591777,1.3549310496703164,4.206260032651093,anomaly
3.791682018403435,1.1335287921581987,-3.2804098618740243,1.8024182332186243,anomaly
1.66142058189772,0.8873471821313306,-2.3425714685624843,4.00296822809797,anomaly
0.025769026162660857,-2.028847753740565,-2.447779260558056,-2.1898216934456824,anomaly
-0.3890585525598578,-2.6914850358066102,0.17414565141451543,-3.079765100973196,anomaly
-2.290480572708117,-3.803345462319437,-1.4260534015385962,-0.9403032886216058,anomaly
-0.962824032638161,2.248874993286175,-0.166388257684015,1.9300530632499822,anomaly
-4.668598995295907,-0.6341135169730769,-4.102022029606203,-0.37897995626630276,anomaly
1.151995101121802,2.967393824527118,0.50219112844482,-1.2049772661474254,anomaly
-2.355375647746145,4.574428232508723,-3.0171453241263557,-4.575836414131081,anomaly
-3.7412060764377486,4.975050992875394,4.061200297635516,-1.7974212753004926,anomaly
-4.961508228762849,2.672060268675777,-1.9946374270041503,-4.77850666733192,anomaly
-0.4339540981595231,-0.7584404420787605,-1.3824141567980188,1.5336739779225974,anomaly
2.2601434936211717,0.5918377175181977,-4.860132265236895,-4.775840139379701,anomaly
3.817437696669746,-3.1355735048647873,-1.0193562869771466,-3.9647271088479608,anomaly
-2.7069902493599054,-0.14646341253548378,-2.644534315971155,1.590826512183856,anomaly
-1.3269159764283058,2.884667667400249,1.0195045240699674,-2.4603494306262332,anomaly
3.0838296605833637,4.320870702858935,-3.7995570098390283,1.6966347995889608,anomaly
1.307954899146341,1.6971273465101362,-4.688142495033883,-4.718741386068224,anomaly
-2.0518849994206967,-4.197669243945617,-1.3392202244503504,3.7242070082918914,anomaly
-1.4556371878708543,-1.071537522578506,-2.3247796577538713,-0.7839678970316903,anomaly
2.9751213129693097,3.308913344266358,-0.7894103326721291,-1.0313943803813719,anomaly
-3.049345289230053,4.756016489445887,-1.8900468215334643,-1.573573624090201,anomaly
-0.7014355511698156,-4.195664898064008,-1.7146237317296196,4.305847043690591,anomaly
-4.255682233529536,-2.5951474382113826,-2.8224899911444092,-2.649304720938568,anomaly
4.5461576955052045,2.0855548596890365,4.197917433391197,3.576105853743231,anomaly
1.2474609290739753,0.5980865071017591,0.0909990308042179,1.8953312798779711,anomaly
2.0182479938018103,0.9945750272621527,-0.5105858586297183,1.753635416335829,anomaly
